date,dayofweek,high,low,dailyrange,world_event_resonance,dummyRes,nfpReleaseHour,attuale,previsto,precedente,scostamento
20201001,4,1912.028,1884.555,27.473,,,
20201002,5,1916.975,1889.638,27.337,,,13:30,661,850,1489,-189
20201004,7,1904.158,1897.888,6.27,,,
20201005,1,1918.575,1886.898,31.677,,,
20201006,2,1921.018,1874.558,46.46,,,
20201007,3,1897.898,1872.748,25.15,,,
20201008,4,1900.498,1881.938,18.56,,,
20201009,5,1930.325,1894.908,35.417,,,
20201011,7,1933.048,1926.038,7.01,,,
20201012,1,1931.788,1918.158,13.63,,,
20201013,2,1924.998,1886.308,38.69,,,
20201014,3,1912.828,1882.395,30.433,,,
20201015,4,1908.808,1889.438,19.37,,,
20201016,5,1913.808,1897.658,16.15,,,
20201018,7,1902.838,1898.498,4.34,,,
20201019,1,1918.338,1896.878,21.46,,,
20201020,2,1913.985,1894.618,19.367,,,
20201021,3,1931.298,1910.065,21.233,,,
20201022,4,1922.118,1894.208,27.91,,,
20201023,5,1914.108,1894.198,19.91,,,
20201025,7,1903.708,1891.135,12.573,,,
20201026,1,1908.458,1894.785,13.673,,,
20201027,2,1911.348,1897.718,13.63,,,
20201028,3,1910.768,1869.208,41.56,,,
20201029,4,1884.858,1859.868,24.99,,,
20201030,5,1889.698,1864.258,25.44,,,
20201101,7,1879.878,1875.195,4.683,,,
20201102,1,1896.058,1873.308,22.75,,,
20201103,2,1916.068,1886.835,29.233,,,
20201104,3,1916.228,1880.635,35.593,,,
20201105,4,1952.648,1902.358,50.29,,,
20201106,5,1960.198,1935.468,24.73,,,14:30,638,600,672,38
20201108,7,1959.838,1953.318,6.52,,,
20201109,1,1965.415,1850.398,115.017,,,
20201110,2,1890.238,1867.335,22.903,,,
20201111,3,1884.378,1856.208,28.17,,,
20201112,4,1883.698,1862.588,21.11,,,
20201113,5,1896.658,1873.978,22.68,,,
20201115,7,1891.485,1886.628,4.857,,,
20201116,1,1898.928,1864.498,34.43,,,
20201117,2,1893.325,1876.735,16.59,,,
20201118,3,1884.718,1863.508,21.21,,,
20201119,4,1872.778,1852.568,20.21,,,
20201120,5,1879.618,1861,18.618,,,
20201122,7,1872.048,1868.528,3.52,,,
20201123,1,1876.038,1830.778,45.26,,,
20201124,2,1836.188,1799.988,36.2,,,
20201125,3,1817.578,1801.495,16.083,,,
20201126,4,1818.088,1805.634,12.454,,,
20201127,5,1813.778,1774.218,39.56,,,
20201129,7,1789.808,1785.308,4.5,,,
20201130,1,1787.448,1764.245,23.203,,,
20201201,2,1817.178,1776.75,40.428,,,
20201202,3,1832.338,1807.405,24.933,,,
20201203,4,1843.808,1823.648,20.16,,,
20201204,5,1848.088,1828.988,19.1,,,14:30,245,469,610,-224
20201206,7,1838.848,1832.948,5.9,,,
20201207,1,1868.448,1821.808,46.64,,,
20201208,2,1875.168,1860.148,15.02,,,
20201209,3,1870.428,1825.363,45.065,,,
20201210,4,1849.958,1828.528,21.43,,,
20201211,5,1847.648,1823.843,23.805,,,
20201213,7,1841.288,1834.778,6.51,,,
20201214,1,1838.918,1818.268,20.65,,,
20201215,2,1855.242,1825.348,29.894,,,
20201216,3,1865.658,1844.663,20.995,,,
20201217,4,1896.118,1861.898,34.22,,,
20201218,5,1889.538,1877.275,12.263,,,
20201220,7,1884.938,1881.128,3.81,,,
20201221,1,1906.638,1854.955,51.683,,,
20201222,2,1884.238,1858.845,25.393,,,
20201223,3,1878.348,1856.938,21.41,,,
20201224,4,1883.465,1869.378,14.087,,,
20201227,7,1889.208,1882.348,6.86,,,
20201228,1,1900.098,1869.018,31.08,,,
20201229,2,1886.278,1871.595,14.683,,,
20201230,3,1895.285,1875.965,19.32,,,
20201231,4,1900.88,1885.308,15.572,,,
20210103,7,1914.858,1903.288,11.57,0.00628,No,
20210104,1,1945.495,1909.858,35.637,0.01098,No,
20210105,2,1953.085,1934.178,18.907,0.01368,No,
20210106,3,1959.225,1900.755,58.47,0.01077,No,
20210107,4,1927.518,1906.705,20.813,0.00845,No,
20210108,5,1916.548,1828.038,88.51,0.00867,No,14:30,-140,71,336,-211
20210110,7,1856.568,1841.365,15.203,0.00863,No,
20210111,1,1855.346,1816.888,38.458,0.01196,No,
20210112,2,1863.738,1836.558,27.18,0.01219,No,
20210113,3,1862.892,1841.808,21.084,0.00927,No,
20210114,4,1857.392,1828.518,28.874,0.00966,No,
20210115,5,1856.848,1823.235,33.613,0.01195,No,
20210117,7,1830.188,1802.948,27.24,0.0084,No,
20210118,1,1840.675,1810.228,30.447,0.00979,No,
20210119,2,1845.335,1832.843,12.492,0.01599,No,
20210120,3,1872.148,1832.272,39.876,0.01393,No,
20210121,4,1874.915,1858.131,16.784,0.00886,No,
20210122,5,1869.831,1837.195,32.636,0.00914,No,
20210124,7,1859.255,1853.777,5.478,0.00718,No,
20210125,1,1867.735,1847.025,20.71,0.00972,No,
20210126,2,1861.635,1848.278,13.357,0.01155,No,
20210127,3,1853.096,1831.227,21.869,0.01381,No,
20210128,4,1863.915,1833.925,29.99,0.00917,No,
20210129,5,1875.522,1839.418,36.104,0.00885,No,
20210131,7,1866.837,1851.357,15.48,0.00968,No,
20210201,1,1871.636,1848.892,22.744,0.01962,Yes,
20210202,2,1863.975,1829.317,34.658,0.01513,No,
20210203,3,1844.785,1829.368,15.417,0.01164,No,
20210204,4,1834.635,1784.888,49.747,0.01348,No,
20210205,5,1815.016,1791.905,23.111,0.01241,No,14:30,49,50,-227,-1
20210207,7,1818.678,1814.258,4.42,0.01649,Yes,
20210208,1,1838.988,1807.665,31.323,0.01046,No,
20210209,2,1848.47,1829.808,18.662,0.01107,No,
20210210,3,1855.232,1833.915,21.317,0.01438,No,
20210211,4,1847.402,1821.007,26.395,0.01235,No,
20210212,5,1830.615,1810.395,20.22,0.01493,No,
20210214,7,1826.088,1819.995,6.093,0.00897,No,
20210215,1,1826.915,1815.865,11.05,0.00882,No,
20210216,2,1826.375,1786.604,39.771,0.01173,No,
20210217,3,1795.015,1769.418,25.597,0.01396,No,
20210218,4,1789.465,1768.305,21.16,0.01605,No,
20210219,5,1791.405,1760.44,30.965,0.01927,Yes,
20210221,7,1787.896,1781.175,6.721,0.0195,Yes,
20210222,1,1812.535,1780.545,31.99,0.01416,No,
20210223,2,1815.875,1795.425,20.45,0.0178,Yes,
20210224,3,1813.745,1783.445,30.3,0.00951,No,
20210225,4,1804.105,1765.328,38.777,0.014,No,
20210226,5,1775.605,1717.09,58.515,0.01608,No,
20210228,7,1739.755,1732.695,7.06,0.01679,Yes,
20210301,1,1759.715,1719.525,40.19,0.01623,Yes,
20210302,2,1740.446,1707.066,33.38,0.02034,Yes,
20210303,3,1737.366,1701.797,35.569,0.01549,No,
20210304,4,1723.104,1690.258,32.846,0.01333,No,
20210305,5,1707.669,1687.138,20.531,0.01367,No,14:30,379,182,166,197
20210307,7,1713.878,1701.718,12.16,0.01263,No,
20210308,1,1714.168,1676.696,37.472,0.01417,No,
20210309,2,1720.469,1680.014,40.455,0.01,No,
20210310,3,1727.065,1708.141,18.924,0.01099,No,
20210311,4,1739.735,1719.115,20.62,0.00977,No,
20210312,5,1729.158,1699.078,30.08,0.00749,No,
20210314,7,1730.304,1724.135,6.169,0.00773,No,
20210315,1,1734.418,1721.554,12.864,0.01198,No,
20210316,2,1741.147,1726.114,15.033,0.01025,No,
20210317,3,1751.498,1724.018,27.48,0.01597,No,
20210318,4,1755.408,1719.115,36.293,0.01821,Yes,
20210319,5,1746.538,1728.391,18.147,0.0138,No,
20210321,7,1746.928,1737.868,9.06,0.0081,No,
20210322,1,1742.988,1727.238,15.75,0.01646,Yes,
20210323,2,1742.378,1724.578,17.8,0.01378,No,
20210324,3,1738.318,1723.624,14.694,0.01436,No,
20210325,4,1745.388,1721.589,23.799,0.01434,No,
20210326,5,1736.648,1721.498,15.15,0.01736,Yes,
20210328,7,1732.988,1730.378,2.61,0.01547,No,
20210329,1,1732.788,1705.668,27.12,0.01834,Yes,
20210330,2,1714.318,1678.6,35.718,0.00847,No,
20210331,3,1715.258,1677.788,37.47,0.0104,No,
20210401,4,1730.465,1705.638,24.827,0.0112,No,
20210404,7,1729.768,1725.998,3.77,0.00849,No,
20210405,1,1733.448,1721.148,12.3,0.0103,No,
20210406,2,1745.318,1727.398,17.92,0.01502,No,
20210407,3,1743.255,1730.518,12.737,0.01186,No,
20210408,4,1758.565,1733.058,25.507,0.0111,No,
20210409,5,1757.238,1731.168,26.07,0.01523,No,
20210411,7,1744.038,1740.428,3.61,0.02085,Yes,
20210412,1,1744.938,1727.318,17.62,0.01174,No,
20210413,2,1748.928,1723.578,25.35,0.01421,No,
20210414,3,1749.218,1732.505,16.713,0.0115,No,
20210415,4,1769.525,1734.248,35.277,0.03824,Yes,
20210416,5,1783.748,1759.618,24.13,0.03291,Yes,
20210418,7,1778.065,1774.638,3.427,0.02261,Yes,
20210419,1,1789.968,1766.628,23.34,0.01782,Yes,
20210420,2,1780.328,1763.505,16.823,0.01432,No,
20210421,3,1797.528,1776.418,21.11,0.01517,No,
20210422,4,1797.748,1777.328,20.42,0.01516,No,
20210423,5,1795.858,1769.865,25.993,0.01063,No,
20210425,7,1776.258,1773.738,2.52,0.0085,No,
20210426,1,1783.408,1768.617,14.791,0.01157,No,
20210427,2,1785.458,1773.615,11.843,0.00991,No,
20210428,3,1783.925,1762.498,21.427,0.01101,No,
20210429,4,1789.875,1756.028,33.847,0.00921,No,
20210430,5,1773.178,1764.108,9.07,0.01007,No,
20210502,7,1769.108,1765.945,3.163,0.01124,No,
20210503,1,1797.798,1767.235,30.563,0.00897,No,
20210504,2,1798.878,1770.638,28.24,0.01028,No,
20210505,3,1787.848,1770.228,17.62,0.00945,No,
20210506,4,1817.948,1781.878,36.07,0.00892,No,
20210507,5,1843.175,1812.748,30.427,0.00865,No,13:30,266,978,770,-712
20210509,7,1836.815,1831.818,4.997,0.00582,No,
20210510,1,1845.296,1830,15.296,0.0107,No,
20210511,2,1841.718,1817.875,23.843,0.00791,No,
20210512,3,1843.598,1813.145,30.453,0.01024,No,
20210513,4,1828.678,1808.656,20.022,0.00852,No,
20210514,5,1845.85,1819.566,26.284,0.00761,No,
20210516,7,1848.005,1840.498,7.507,0.00871,No,
20210517,1,1868.955,1843.458,25.497,0.00978,No,
20210518,2,1874.848,1863.105,11.743,0.01159,No,
20210519,3,1890.022,1852.095,37.927,0.01167,No,
20210520,4,1883.758,1863.735,20.023,0.0126,No,
20210521,5,1889.228,1869.998,19.23,0.01234,No,
20210523,7,1883.744,1879.998,3.746,0.01726,Yes,
20210524,1,1886.878,1875.058,11.82,0.02241,Yes,
20210525,2,1900.118,1872.614,27.504,0.02053,Yes,
20210526,3,1912.648,1890.588,22.06,0.0132,No,
20210527,4,1903.478,1888.188,15.29,0.01276,No,
20210528,5,1905.798,1882.135,23.663,0.01901,Yes,
20210530,7,1904.748,1902.572,2.176,0.0194,Yes,
20210531,1,1910.545,1902.005,8.54,0.01434,No,
20210601,2,1916.485,1892.265,24.22,0.0109,No,
20210602,3,1909.398,1894.228,15.17,0.01404,No,
20210603,4,1909.498,1865.185,44.313,0.01067,No,
20210604,5,1896.098,1855.315,40.783,0.01628,Yes,13:30,559,650,278,-91
20210606,7,1891.398,1888.574,2.824,0.0073,No,
20210607,1,1900.018,1881.415,18.603,0.01061,No,
20210608,2,1903.688,1883.618,20.07,0.01048,No,
20210609,3,1898.918,1887.238,11.68,0.01632,Yes,
20210610,4,1899.758,1869.668,30.09,0.01354,No,
20210611,5,1902.948,1874.378,28.57,0.01465,No,
20210613,7,1877.888,1873.098,4.79,0.01976,Yes,
20210614,1,1873.778,1844.478,29.3,0.01545,No,
20210615,2,1869.068,1851.478,17.59,0.01367,No,
20210616,3,1862.928,1803.268,59.66,0.01945,Yes,
20210617,4,1825.228,1767.128,58.1,0.01485,No,
20210618,5,1797.062,1760.767,36.295,0.01558,No,
20210620,7,1770.028,1763.838,6.19,0.02685,Yes,
20210621,1,1787.648,1766.378,21.27,0.02139,Yes,
20210622,2,1789.995,1772.228,17.767,0.01326,No,
20210623,3,1794.838,1773.208,21.63,0.01381,No,
20210624,4,1787.848,1772.778,15.07,0.01202,No,
20210625,5,1790.268,1773.588,16.68,0.01123,No,
20210627,7,1782.708,1780.448,2.26,0.00886,No,
20210628,1,1785.718,1770.518,15.2,0.01198,No,
20210629,2,1778.818,1750.488,28.33,0.00815,No,
20210630,3,1774.278,1753.228,21.05,0.0103,No,
20210701,4,1782.678,1765.528,17.15,0.01129,No,
20210702,5,1794.928,1774.108,20.82,0.00961,No,13:30,850,700,583,150
20210704,7,1787.576,1785.368,2.208,0.00565,No,
20210705,1,1795.128,1784.338,10.79,0.00993,No,
20210706,2,1814.918,1789.938,24.98,0.01028,No,
20210707,3,1809.648,1793.746,15.902,0.00904,No,
20210708,4,1818.288,1794.177,24.111,0.00967,No,
20210709,5,1812.298,1796.558,15.74,0.00968,No,
20210711,7,1808.405,1806.218,2.187,0.01286,No,
20210712,1,1810.708,1791.375,19.333,0.0248,Yes,
20210713,2,1817.061,1798.508,18.553,0.01978,Yes,
20210714,3,1829.678,1804.448,25.23,0.01694,Yes,
20210715,4,1833.976,1820.13,13.846,0.01686,Yes,
20210716,5,1831.428,1808.868,22.56,0.01621,Yes,
20210718,7,1815.778,1810.238,5.54,0.01118,No,
20210719,1,1817.178,1794.865,22.313,0.01534,No,
20210720,2,1824.898,1804.948,19.95,0.01547,No,
20210721,3,1813.658,1794.608,19.05,0.01452,No,
20210722,4,1808.368,1792.648,15.72,0.01619,Yes,
20210723,5,1810.218,1789.407,20.811,0.01592,No,
20210725,7,1802.608,1799.898,2.71,0.00763,No,
20210726,1,1811.398,1796.295,15.103,0.01294,No,
20210727,2,1805.118,1793.488,11.63,0.01049,No,
20210728,3,1810.205,1792.418,17.787,0.01151,No,
20210729,4,1832.59,1808.498,24.092,0.0126,No,
20210730,5,1831.248,1810.138,21.11,0.01227,No,
20210801,7,1815.078,1811.978,3.1,0.00971,No,
20210802,1,1819.418,1805.638,13.78,0.0082,No,
20210803,2,1814.908,1807.018,7.89,0.00856,No,
20210804,3,1831.605,1806.325,25.28,0.01068,No,
20210805,4,1814.748,1797.708,17.04,0.01051,No,
20210806,5,1803.615,1758.578,45.037,0.01163,No,13:30,943,870,938,73
20210808,7,1764.448,1670.488,93.96,0.00971,No,
20210809,1,1752.498,1706.485,46.013,0.01382,No,
20210810,2,1738.158,1717.598,20.56,0.01028,No,
20210811,3,1754.288,1723.988,30.3,0.01254,No,
20210812,4,1758.038,1741.478,16.56,0.00598,No,
20210813,5,1779.848,1751.568,28.28,0.01153,No,
20210815,7,1779.998,1777.877,2.121,0.01561,No,
20210816,1,1789.198,1770.699,18.499,0.00715,No,
20210817,2,1795.437,1780.448,14.989,0.01178,No,
20210818,3,1793.638,1777.208,16.43,0.01742,Yes,
20210819,4,1792.368,1774.358,18.01,0.01041,No,
20210820,5,1788.281,1778.268,10.013,0.01099,No,
20210822,7,1782.228,1777.258,4.97,0.01973,Yes,
20210823,1,1806.378,1776.388,29.99,0.01222,No,
20210824,2,1809.465,1800.648,8.817,0.0089,No,
20210825,3,1802.558,1782.448,20.11,0.01329,No,
20210826,4,1798.095,1779.928,18.167,0.01214,No,
20210827,5,1819.225,1783.798,35.427,0.00801,No,
20210829,7,1819.028,1817.148,1.88,0.01067,No,
20210830,1,1823.079,1807.618,15.461,0.01192,No,
20210831,2,1819.075,1801.598,17.477,0.01048,No,
20210901,3,1819.905,1808.575,11.33,0.01219,No,
20210902,4,1817.004,1804.885,12.119,0.01301,No,
20210903,5,1833.908,1808.848,25.06,0.0107,No,13:30,235,750,1053,-515
20210905,7,1830.098,1827.358,2.74,0.00839,No,
20210906,1,1828.378,1821.335,7.043,0.00954,No,
20210907,2,1827.128,1792.298,34.83,0.01191,No,
20210908,3,1802.074,1782.254,19.82,0.01112,No,
20210909,4,1800.877,1783.717,17.16,0.00802,No,
20210910,5,1803.754,1786.978,16.776,0.00854,No,
20210912,7,1789.358,1786.918,2.44,0.00835,No,
20210913,1,1798.264,1783.568,14.696,0.00835,No,
20210914,2,1808.558,1780.285,28.273,0.00797,No,
20210915,3,1806.798,1790.658,16.14,0.01189,No,
20210916,4,1796.074,1745.218,50.856,0.01157,No,
20210917,5,1767.417,1747.258,20.159,0.01196,No,
20210919,7,1755.054,1751.224,3.83,0.00546,No,
20210920,1,1767.048,1741.978,25.07,0.00599,No,
20210921,2,1781.658,1757.838,23.82,0.01421,No,
20210922,3,1787.188,1764.498,22.69,0.01084,No,
20210923,4,1776.459,1737.768,38.691,0.01051,No,
20210924,5,1757.557,1740.338,17.219,0.01445,No,
20210926,7,1751.498,1748.094,3.404,0.00696,No,
20210927,1,1760.738,1744.764,15.974,0.01039,No,
20210928,2,1754.344,1728.008,26.336,0.00747,No,
20210929,3,1745.418,1721.548,23.87,0.01016,No,
20210930,4,1764.086,1722.098,41.988,0.01112,No,
20211001,5,1764.178,1749.655,14.523,0.00945,No,
20211003,7,1765.153,1760.145,5.008,0.00687,No,
20211004,1,1770.475,1747.608,22.867,0.00665,No,
20211005,2,1768.265,1748.488,19.777,0.00697,No,
20211006,3,1765.015,1745.77,19.245,0.00771,No,
20211007,4,1766.848,1751.838,15.01,0.00771,No,
20211008,5,1781.228,1753.238,27.99,0.00726,No,13:30,194,500,366,-306
20211010,7,1758.125,1750.995,7.13,0.01052,No,
20211011,1,1760.878,1750.068,10.81,0.00779,No,
20211012,2,1769.238,1750.658,18.58,0.00963,No,
20211013,3,1796.064,1757.829,38.235,0.01265,No,
20211014,4,1800.458,1786.598,13.86,0.00857,No,
20211015,5,1796.378,1764.748,31.63,0.00749,No,
20211017,7,1771.964,1764.754,7.21,0.00549,No,
20211018,1,1772.008,1760.184,11.824,0.00874,No,
20211019,2,1785.038,1763.188,21.85,0.0123,No,
20211020,3,1788.368,1766.744,21.624,0.00935,No,
20211021,4,1789.368,1776.374,12.994,0.00729,No,
20211022,5,1813.748,1782.788,30.96,0.01018,No,
20211024,7,1794.358,1792.168,2.19,0.00695,No,
20211025,1,1809.974,1792.164,17.81,0.01144,No,
20211026,2,1807.868,1782.288,25.58,0.00726,No,
20211027,3,1798.978,1783.374,15.604,0.0111,No,
20211028,4,1810.344,1792.198,18.146,0.00977,No,
20211029,5,1799.864,1771.848,28.016,0.00911,No,
20211031,7,1783.582,1778.998,4.584,0.01028,No,
20211101,1,1795.738,1779.928,15.81,0.00809,No,
20211102,2,1796.288,1786.254,10.034,0.00714,No,
20211103,3,1787.508,1758.644,28.864,0.00997,No,
20211104,4,1798.804,1770.664,28.14,0.00829,No,
20211105,5,1818.128,1784.894,33.234,0.00834,No,13:30,531,450,312,81
20211107,7,1818.423,1814.823,3.6,0.00797,No,
20211108,1,1826.403,1812.313,14.09,0.01244,No,
20211109,2,1832.633,1819.043,13.59,0.01126,No,
20211110,3,1868.458,1822.168,46.29,0.01282,No,
20211111,4,1865.898,1842.748,23.15,0.01076,No,
20211112,5,1868.568,1845.088,23.48,0.01574,No,
20211114,7,1869.364,1865.154,4.21,0.01045,No,
20211115,1,1870.468,1856.318,14.15,0.01454,No,
20211116,2,1877.118,1849.328,27.79,0.01333,No,
20211117,3,1867.958,1849.434,18.524,0.01537,No,
20211118,4,1870.814,1854.948,15.866,0.01277,No,
20211119,5,1865.668,1842.869,22.799,0.01412,No,
20211121,7,1847.048,1838.648,8.4,0.01471,No,
20211122,1,1848.984,1802.144,46.84,0.01274,No,
20211123,2,1812.318,1781.859,30.459,0.01262,No,
20211124,3,1796.285,1778.398,17.887,0.01479,No,
20211125,4,1794.968,1787.718,7.25,0.01575,No,
20211126,5,1815.408,1780.358,35.05,0.0093,No,
20211128,7,1795.565,1775.563,20.002,0.03774,Yes,
20211129,1,1799.258,1781.008,18.25,0.02279,Yes,
20211130,2,1808.618,1769.758,38.86,0.01956,Yes,
20211201,3,1794.41,1772.428,21.982,0.00791,No,
20211202,4,1781.875,1761.815,20.06,0.00874,No,
20211203,5,1785.998,1766.02,19.978,0.0153,No,14:30,210,550,546,-340
20211205,7,1785.245,1780.538,4.707,0.00649,No,
20211206,1,1787.635,1775.587,12.048,0.01675,Yes,
20211207,2,1787.708,1772.168,15.54,0.03833,Yes,
20211208,3,1792.998,1779.478,13.52,0.01312,No,
20211209,4,1787.505,1773.138,14.367,0.01475,No,
20211210,5,1789.398,1769.968,19.43,0.01805,Yes,
20211212,7,1784.298,1781.778,2.52,0.01942,Yes,
20211213,1,1791.455,1781.698,9.757,0.0124,No,
20211214,2,1789.415,1766.358,23.057,0.01064,No,
20211215,3,1781.342,1752.928,28.414,0.02137,Yes,
20211216,4,1799.925,1775.418,24.507,0.02345,Yes,
20211217,5,1814.148,1795.758,18.39,0.02057,Yes,
20211219,7,1801.555,1798.508,3.047,0.01406,No,
20211220,1,1804.058,1788.188,15.87,0.01271,No,
20211221,2,1800.438,1784.838,15.6,0.01147,No,
20211222,3,1804.955,1785.795,19.16,0.01035,No,
20211223,4,1810.629,1798.778,11.851,0.01756,Yes,
20211226,7,1808.544,1805.658,2.886,0.01699,Yes,
20211227,1,1813.388,1802.855,10.533,0.0092,No,
20211228,2,1820.099,1804.918,15.181,0.01043,No,
20211229,3,1807.578,1789.348,18.23,0.01064,No,
20211230,4,1817.108,1796.058,21.05,0.01409,No,
20211231,5,1830.248,1814.598,15.65,0.01369,No,
20220102,7,1831.624,1827.898,3.726,0.01273,No,
20220103,1,1831.458,1798.189,33.269,0.00783,No,
20220104,2,1816.688,1798.388,18.3,0.00802,No,
20220105,3,1829.584,1808.168,21.416,0.00919,No,
20220106,4,1811.438,1786.288,25.15,0.00862,No,
20220107,5,1798.515,1782.495,16.02,0.00812,No,14:30,199,400,249,-201
20220109,7,1796.098,1793.685,2.413,0.01343,No,
20220110,1,1802.848,1790.235,12.613,0.01673,Yes,
20220111,2,1823.228,1801.055,22.173,0.01435,No,
20220112,3,1827.984,1814.578,13.406,0.0161,Yes,
20220113,4,1828.058,1812.228,15.83,0.01636,Yes,
20220114,5,1829.048,1814.578,14.47,0.01804,Yes,
20220116,7,1819.254,1815.768,3.486,0.01463,No,
20220117,1,1823.088,1813,10.088,0.01555,No,
20220118,2,1822.644,1805.658,16.986,0.01264,No,
20220119,3,1843.318,1810.143,33.175,0.0161,Yes,
20220120,4,1847.804,1835.808,11.996,0.02165,Yes,
20220121,5,1843.108,1828.384,14.724,0.02026,Yes,
20220123,7,1836.948,1831.428,5.52,0.0197,Yes,
20220124,1,1844.208,1829.558,14.65,0.02169,Yes,
20220125,2,1853.748,1834.838,18.91,0.0224,Yes,
20220126,3,1849.448,1814.838,34.61,0.02527,Yes,
20220127,4,1821.858,1791.678,30.18,0.02102,Yes,
20220128,5,1799.308,1780.158,19.15,0.02232,Yes,
20220130,7,1791.928,1788.338,3.59,0.0317,Yes,
20220131,1,1799.805,1785.458,14.347,0.02219,Yes,
20220201,2,1808.638,1795.625,13.013,0.0171,Yes,
20220202,3,1810.718,1794.358,16.36,0.01734,Yes,
20220203,4,1808.875,1788.538,20.337,0.0174,Yes,
20220204,5,1814.798,1792.018,22.78,0.0158,No,14:30,467,150,510,317
20220206,7,1811.308,1806.678,4.63,0.01898,Yes,
20220207,1,1823.458,1808.638,14.82,0.01872,Yes,
20220208,2,1828.664,1815.314,13.35,0.01657,Yes,
20220209,3,1835.708,1824.538,11.17,0.0145,No,
20220210,4,1841.838,1821.534,20.304,0.01505,No,
20220211,5,1865.378,1820.838,44.54,0.01711,Yes,
20220213,7,1862.028,1855.308,6.72,0.03113,Yes,
20220214,1,1874.018,1850.698,23.32,0.02237,Yes,
20220215,2,1879.378,1844.398,34.98,0.02406,Yes,
20220216,3,1872.498,1850.188,22.31,0.02063,Yes,
20220217,4,1901.016,1867.698,33.318,0.01799,Yes,
20220218,5,1902.358,1886.478,15.88,0.02513,Yes,
20220220,7,1906.348,1896.651,9.697,0.05149,Yes,
20220221,1,1914.023,1887.453,26.57,0.04774,Yes,
20220222,2,1913.798,1891.268,22.53,0.08479,Yes,
20220223,3,1911.458,1889.548,21.91,0.07832,Yes,
20220224,4,1974.398,1877.938,96.46,0.13829,Yes,
20220225,5,1921.478,1882.828,38.65,0.11387,Yes,
20220227,7,1930.948,1904.208,26.74,0.12942,Yes,
20220228,1,1919.288,1890.768,28.52,0.12091,Yes,
20220301,2,1950.078,1901.268,48.81,0.11252,Yes,
20220302,3,1947.788,1913.738,34.05,0.10515,Yes,
20220303,4,1941.203,1921.906,19.297,0.0986,Yes,
20220304,5,1970.648,1929.498,41.15,0.0891,Yes,14:30,678,400,481,278
20220306,7,1991.358,1974.192,17.166,0.10266,Yes,
20220307,1,2002.518,1960.878,41.64,0.0936,Yes,
20220308,2,2070.358,1980.938,89.42,0.08423,Yes,
20220309,3,2059.068,1976.008,83.06,0.07738,Yes,
20220310,4,2009.062,1970.508,38.554,0.08162,Yes,
20220311,5,1997.142,1958.438,38.704,0.07282,Yes,
20220313,7,1990.308,1970.548,19.76,0.07237,Yes,
20220314,1,1978.662,1949.628,29.034,0.06642,Yes,
20220315,2,1952.088,1906.948,45.14,0.07423,Yes,
20220316,3,1929.328,1894.948,34.38,0.07115,Yes,
20220317,4,1949.748,1925.363,24.385,0.061,Yes,
20220318,5,1945.203,1917.798,27.405,0.05197,Yes,
20220320,7,1926.168,1918.058,8.11,0.04854,Yes,
20220321,1,1941.168,1917.858,23.31,0.04586,Yes,
20220322,2,1938.268,1910.508,27.76,0.0475,Yes,
20220323,3,1948.293,1915.453,32.84,0.05625,Yes,
20220324,4,1966.083,1937.278,28.805,0.05987,Yes,
20220325,5,1964.153,1942.998,21.155,0.04603,Yes,
20220327,7,1959.053,1954.613,4.44,0.03625,Yes,
20220328,1,1958.258,1916.838,41.42,0.03622,Yes,
20220329,2,1929.168,1889.998,39.17,0.03293,Yes,
20220330,3,1938.428,1915.788,22.64,0.0398,Yes,
20220331,4,1949.723,1918.988,30.735,0.04755,Yes,
20220401,5,1939.358,1917.908,21.45,0.03377,Yes,13:30,431,490,750,-59
20220403,7,1925.758,1921.308,4.45,0.04497,Yes,
20220404,1,1936.878,1915.328,21.55,0.04988,Yes,
20220405,2,1944.463,1917.838,26.625,0.04029,Yes,
20220406,3,1933.348,1915.038,18.31,0.05939,Yes,
20220407,4,1937.708,1920.378,17.33,0.042,Yes,
20220408,5,1948.088,1927.548,20.54,0.03827,Yes,
20220410,7,1949.838,1943.118,6.72,0.04619,Yes,
20220411,1,1969.558,1939.882,29.676,0.03405,Yes,
20220412,2,1978.508,1949.518,28.99,0.03479,Yes,
20220413,3,1981.482,1962.718,18.764,0.03011,Yes,
20220414,4,1980.248,1960.412,19.836,0.02888,Yes,
20220417,7,1988.028,1970.838,17.19,0.02613,Yes,
20220418,1,1998.268,1976.122,22.146,0.02249,Yes,
20220419,2,1981.848,1943.588,38.26,0.02507,Yes,
20220420,3,1958.208,1939.16,19.048,0.02435,Yes,
20220421,4,1957.278,1936.632,20.646,0.0285,Yes,
20220422,5,1955.482,1926.458,29.024,0.02176,Yes,
20220424,7,1934.328,1927.953,6.375,0.03112,Yes,
20220425,1,1932.663,1891.373,41.29,0.0235,Yes,
20220426,2,1911.108,1895.608,15.5,0.01685,Yes,
20220427,3,1906.898,1881.248,25.65,0.02381,Yes,
20220428,4,1896.608,1871.938,24.67,0.02771,Yes,
20220429,5,1919.838,1894.373,25.465,0.02235,Yes,
20220501,7,1899.788,1895.338,4.45,0.02019,Yes,
20220502,1,1898.373,1854.468,43.905,0.02019,Yes,
20220503,2,1877.998,1850.308,27.69,0.02055,Yes,
20220504,3,1893.998,1861.298,32.7,0.0364,Yes,
20220505,4,1909.633,1872.358,37.275,0.02331,Yes,
20220506,5,1892.373,1866.001,26.372,0.02386,Yes,13:30,428,391,428,37
20220508,7,1885.558,1879.778,5.78,0.03558,Yes,
20220509,1,1881.988,1851.558,30.43,0.02174,Yes,
20220510,2,1865.278,1833.218,32.06,0.0186,Yes,
20220511,3,1858.018,1831.838,26.18,0.01806,Yes,
20220512,4,1858.708,1810.734,47.974,0.02027,Yes,
20220513,5,1828.678,1798.968,29.71,0.01804,Yes,
20220515,7,1814.768,1809.628,5.14,0.0204,Yes,
20220516,1,1829.268,1786.638,42.63,0.02618,Yes,
20220517,2,1835.998,1812.778,23.22,0.01837,Yes,
20220518,3,1824.614,1807.228,17.386,0.01977,Yes,
20220519,4,1849.053,1810.798,38.255,0.02231,Yes,
20220520,5,1849.304,1832.178,17.126,0.02051,Yes,
20220522,7,1857.858,1843.353,14.505,0.02131,Yes,
20220523,1,1865.334,1845.648,19.686,0.02681,Yes,
20220524,2,1869.573,1849.208,20.365,0.02239,Yes,
20220525,3,1867.878,1842.138,25.74,0.01975,Yes,
20220526,4,1854.218,1840.798,13.42,0.02279,Yes,
20220527,5,1861.838,1847.828,14.01,0.02064,Yes,
20220529,7,1853.788,1848.008,5.78,0.01422,No,
20220530,1,1863.883,1848.598,15.285,0.03272,Yes,
20220531,2,1857.018,1834.858,22.16,0.02822,Yes,
20220601,3,1849.894,1828.358,21.536,0.02007,Yes,
20220602,4,1870.508,1843.908,26.6,0.02432,Yes,
20220603,5,1873.963,1847.273,26.69,0.02042,Yes,13:30,390,325,436,65
20220605,7,1853.113,1849.538,3.575,0.01996,Yes,
20220606,1,1857.748,1837.798,19.95,0.02039,Yes,
20220607,2,1855.458,1836.923,18.535,0.01795,Yes,
20220608,3,1859.573,1844.478,15.095,0.01605,No,
20220609,4,1855.268,1839.91,15.358,0.01605,No,
20220610,5,1875.868,1824.948,50.92,0.01588,No,
20220612,7,1878.763,1873.638,5.125,0.01647,Yes,
20220613,1,1877.363,1809.153,68.21,0.01557,No,
20220614,2,1831.538,1804.963,26.575,0.01905,Yes,
20220615,3,1841.838,1808.528,33.31,0.02501,Yes,
20220616,4,1857.418,1814.718,42.7,0.02683,Yes,
20220617,5,1852.953,1833.714,19.239,0.01984,Yes,
20220619,7,1840.228,1834.493,5.735,0.01786,Yes,
20220620,1,1845.998,1834.998,11,0.0207,Yes,
20220621,2,1843.518,1828.424,15.094,0.02325,Yes,
20220622,3,1847.778,1823.288,24.49,0.01912,Yes,
20220623,4,1846.238,1822.388,23.85,0.01908,Yes,
20220624,5,1831.686,1816.898,14.788,0.01571,No,
20220626,7,1839.363,1829.858,9.505,0.03948,Yes,
20220627,1,1840.948,1820.678,20.27,0.03461,Yes,
20220628,2,1829.412,1818.148,11.264,0.02175,Yes,
20220629,3,1832.958,1811.978,20.98,0.01815,Yes,
20220630,4,1825.008,1802.618,22.39,0.01898,Yes,
20220701,5,1811.698,1784.397,27.301,0.01776,Yes,
20220703,7,1812.169,1807.868,4.301,0.01719,Yes,
20220704,1,1814.198,1803.836,10.362,0.01781,Yes,
20220705,2,1812.058,1763.748,48.31,0.01656,Yes,
20220706,3,1772.784,1732.128,40.656,0.01785,Yes,
20220707,4,1749.014,1736.358,12.656,0.01577,No,
20220708,5,1752.387,1732.919,19.468,0.01446,No,13:30,372,268,384,104
20220710,7,1744.528,1740.098,4.43,0.02102,Yes,
20220711,1,1743.374,1731.128,12.246,0.01677,Yes,
20220712,2,1744.098,1723.048,21.05,0.01627,Yes,
20220713,3,1745.284,1706.948,38.336,0.02159,Yes,
20220714,4,1733.464,1697.438,36.026,0.02183,Yes,
20220715,5,1716.518,1698.948,17.57,0.01294,No,
20220717,7,1710.528,1705.758,4.77,0.01555,No,
20220718,1,1723.798,1706.584,17.214,0.0171,Yes,
20220719,2,1718.321,1705.224,13.097,0.0187,Yes,
20220720,3,1714.411,1692.338,22.073,0.0162,Yes,
20220721,4,1720.238,1680.748,39.49,0.01778,Yes,
20220722,5,1739.253,1712.724,26.529,0.01257,No,
20220724,7,1728.148,1724.148,4,0.01184,No,
20220725,1,1736.174,1714.653,21.521,0.018,Yes,
20220726,2,1728.074,1713.534,14.54,0.01971,Yes,
20220727,3,1740.138,1711.315,28.823,0.02128,Yes,
20220728,4,1757.004,1733.828,23.176,0.01672,Yes,
20220729,5,1767.784,1751.928,15.856,0.01657,Yes,
20220731,7,1766.11,1760.728,5.382,0.0079,No,
20220801,1,1775.314,1758.208,17.106,0.01556,No,
20220802,2,1787.928,1754.828,33.1,0.01623,Yes,
20220803,3,1772.662,1754.198,18.464,0.02019,Yes,
20220804,4,1794.898,1763.258,31.64,0.0186,Yes,
20220805,5,1794.764,1764.907,29.857,0.01941,Yes,13:30,528,250,398,278
20220807,7,1774.968,1770.565,4.403,0.01611,Yes,
20220808,1,1790.564,1771.01,19.554,0.01859,Yes,
20220809,2,1800.364,1783.038,17.326,0.01541,No,
20220810,3,1807.768,1787.478,20.29,0.01244,No,
20220811,4,1799.149,1783.378,15.771,0.01266,No,
20220812,5,1802.548,1784.798,17.75,0.01173,No,
20220814,7,1802.308,1798.828,3.48,0.0084,No,
20220815,1,1801.588,1772.818,28.77,0.01417,No,
20220816,2,1783.038,1771.368,11.67,0.01474,No,
20220817,3,1782.194,1759.714,22.48,0.01046,No,
20220818,4,1772.294,1755.218,17.076,0.01286,No,
20220819,5,1758.458,1745.438,13.02,0.0107,No,
20220821,7,1747.958,1744.848,3.11,0.01722,Yes,
20220822,1,1748.958,1727.668,21.29,0.01518,No,
20220823,2,1753.974,1730.688,23.286,0.01345,No,
20220824,3,1755.798,1742.355,13.443,0.0126,No,
20220825,4,1765.368,1749.828,15.54,0.01149,No,
20220826,5,1758.684,1734.058,24.626,0.01283,No,
20220828,7,1738.348,1733.258,5.09,0.00749,No,
20220829,1,1745.418,1720.208,25.21,0.01167,No,
20220830,2,1740.334,1721.098,19.236,0.01071,No,
20220831,3,1726.428,1705.598,20.83,0.01251,No,
20220901,4,1708.794,1688.668,20.126,0.01067,No,
20220902,5,1717.878,1696.178,21.7,0.01549,No,13:30,315,300,526,15
20220904,7,1713.001,1707.804,5.197,0.01294,No,
20220905,1,1715.668,1707.574,8.094,0.02304,Yes,
20220906,2,1726.566,1699.708,26.858,0.01821,Yes,
20220907,3,1719.318,1691.218,28.1,0.0171,Yes,
20220908,4,1728.095,1703.878,24.217,0.01361,No,
20220909,5,1729.344,1709.698,19.646,0.01381,No,
20220911,7,1720.058,1716.241,3.817,0.0098,No,
20220912,1,1735.035,1711.808,23.227,0.01302,No,
20220913,2,1731.71,1696.934,34.776,0.0155,No,
20220914,3,1707.014,1693.518,13.496,0.01939,Yes,
20220915,4,1697.735,1660.24,37.495,0.01619,Yes,
20220916,5,1680.245,1654.048,26.197,0.01737,Yes,
20220918,7,1679.865,1673.745,6.12,0.01103,No,
20220919,1,1678.628,1659.583,19.045,0.0173,Yes,
20220920,2,1679.288,1659.875,19.413,0.01973,Yes,
20220921,3,1687.948,1653.649,34.299,0.03057,Yes,
20220922,4,1684.788,1655.536,29.252,0.02313,Yes,
20220923,5,1675.838,1639.617,36.221,0.02173,Yes,
20220925,7,1645.565,1640.198,5.367,0.01965,Yes,
20220926,1,1649.648,1621.033,28.615,0.02289,Yes,
20220927,2,1642.335,1626.587,15.748,0.02052,Yes,
20220928,3,1662.645,1614.71,47.935,0.02476,Yes,
20220929,4,1665.045,1641.408,23.637,0.02474,Yes,
20220930,5,1675.265,1659.158,16.107,0.02602,Yes,
20221002,7,1665.268,1660.125,5.143,0.01625,Yes,
20221003,1,1702.465,1659.595,42.87,0.01675,Yes,
20221004,2,1729.435,1695.068,34.367,0.01471,No,
20221005,3,1727.664,1700.458,27.206,0.02089,Yes,
20221006,4,1725.434,1706.812,18.622,0.02105,Yes,
20221007,5,1714.724,1690.504,24.22,0.0162,Yes,13:30,263,250,315,13
20221009,7,1699.714,1695.464,4.25,0.01261,No,
20221010,1,1697.128,1665.478,31.65,0.01954,Yes,
20221011,2,1683.84,1660.91,22.93,0.01858,Yes,
20221012,3,1678.215,1661.265,16.95,0.01519,No,
20221013,4,1682.336,1642.288,40.048,0.01588,No,
20221014,5,1671.655,1640.095,31.56,0.01219,No,
20221016,7,1647.568,1643.022,4.546,0.00978,No,
20221017,1,1668.268,1646.198,22.07,0.01501,No,
20221018,2,1660.707,1645.647,15.06,0.01339,No,
20221019,3,1653.248,1626.247,27.001,0.01652,Yes,
20221020,4,1645.438,1622.257,23.181,0.01921,Yes,
20221021,5,1657.798,1617.067,40.731,0.01256,No,
20221023,7,1670.748,1656.458,14.29,0.01057,No,
20221024,1,1663.248,1643.747,19.501,0.01208,No,
20221025,2,1662.187,1638.098,24.089,0.01286,No,
20221026,3,1674.678,1649.558,25.12,0.01488,No,
20221027,4,1670.648,1654.668,15.98,0.01381,No,
20221028,5,1666.858,1637.898,28.96,0.01231,No,
20221030,7,1645.258,1641.297,3.961,0.00662,No,
20221031,1,1645.488,1631.578,13.91,0.01242,No,
20221101,2,1656.878,1630.477,26.401,0.01333,No,
20221102,3,1669.257,1631.708,37.549,0.01571,No,
20221103,4,1640.858,1616.477,24.381,0.01979,Yes,
20221104,5,1681.718,1629.198,52.52,0.01577,No,13:30,261,200,315,61
20221106,7,1680.137,1672.107,8.03,0.00938,No,
20221107,1,1681.758,1666.707,15.051,0.00945,No,
20221108,2,1716.738,1664.557,52.181,0.01036,No,
20221109,3,1722.168,1702.048,20.12,0.01027,No,
20221110,4,1756.998,1703.838,53.16,0.00945,No,
20221111,5,1772.448,1747.108,25.34,0.01058,No,
20221113,7,1766.577,1761.177,5.4,0.00787,No,
20221114,1,1774.938,1753.098,21.84,0.01293,No,
20221115,2,1786.367,1766.948,19.419,0.01132,No,
20221116,3,1784.928,1770.167,14.761,0.01263,No,
20221117,4,1774.668,1754.268,20.4,0.01137,No,
20221118,5,1767.578,1747.317,20.261,0.0077,No,
20221120,7,1752.518,1749.618,2.9,0.00481,No,
20221121,1,1752.807,1732.338,20.469,0.01459,No,
20221122,2,1749.598,1736.867,12.731,0.01169,No,
20221123,3,1753.177,1728.137,25.04,0.01443,No,
20221124,4,1758.468,1752.088,6.38,0.01451,No,
20221125,5,1760.958,1745.848,15.11,0.01214,No,
20221127,7,1755.787,1749.607,6.18,0.00829,No,
20221128,1,1763.618,1739.348,24.27,0.01093,No,
20221129,2,1758.898,1740.057,18.841,0.01406,No,
20221130,3,1773.348,1744.717,28.631,0.01134,No,
20221201,4,1804.298,1771.798,32.5,0.01251,No,
20221202,5,1802.898,1778.418,24.48,0.01519,No,14:30,263,200,284,63
20221204,7,1799.178,1794.207,4.971,0.01238,No,
20221205,1,1809.758,1766,43.758,0.01689,Yes,
20221206,2,1780.728,1767.118,13.61,0.01484,No,
20221207,3,1790.357,1768.588,21.769,0.00957,No,
20221208,4,1794.728,1781.268,13.46,0.01514,No,
20221209,5,1805.998,1788.298,17.7,0.01368,No,
20221211,7,1797.067,1794.598,2.469,0.01305,No,
20221212,1,1795.328,1777.417,17.911,0.01916,Yes,
20221213,2,1824.358,1780.875,43.483,0.01294,No,
20221214,3,1814.035,1795.008,19.027,0.01388,No,
20221215,4,1807.725,1773.608,34.117,0.01469,No,
20221216,5,1794.198,1774.205,19.993,0.01751,Yes,
20221218,7,1793.387,1790.895,2.492,0.01664,Yes,
20221219,1,1798.637,1783.785,14.852,0.01457,No,
20221220,2,1821.035,1784.505,36.53,0.01597,No,
20221221,3,1823.685,1811.705,11.98,0.01571,No,
20221222,4,1820.325,1784.627,35.698,0.01672,Yes,
20221223,5,1803.095,1791.065,12.03,0.01446,No,
20221226,1,1803.965,1799.687,4.278,0.01562,No,
20221227,2,1833.215,1800.565,32.65,0.01723,Yes,
20221228,3,1814.415,1796.905,17.51,0.01048,No,
20221229,4,1820.015,1804.205,15.81,0.01026,No,
20221230,5,1825.877,1813.175,12.702,0.01356,No,
20230102,1,1829.958,1823.287,6.671,0.00776,No,
20230103,2,1849.865,1826.685,23.18,0.00682,No,
20230104,3,1865.035,1836.048,28.987,0.00763,No,
20230105,4,1858.875,1824.995,33.88,0.00788,No,
20230106,5,1869.765,1831.198,38.567,0.008,No,14:30,223,200,256,23
20230108,7,1869.808,1864.477,5.331,0.00541,No,
20230109,1,1881.445,1866.975,14.47,0.0108,No,
20230110,2,1880.635,1867.745,12.89,0.01114,No,
20230111,3,1886.548,1867.015,19.533,0.01197,No,
20230112,4,1901.475,1872.76,28.715,0.00951,No,
20230113,5,1921.798,1892.205,29.593,0.01093,No,
20230115,7,1922.047,1916.795,5.252,0.00661,No,
20230116,1,1928.885,1910.665,18.22,0.01068,No,
20230117,2,1918.925,1903.675,15.25,0.01025,No,
20230118,3,1925.798,1896.495,29.303,0.01027,No,
20230119,4,1935.045,1900.855,34.19,0.01056,No,
20230120,5,1937.435,1920.508,16.927,0.01569,No,
20230122,7,1927.548,1923.608,3.94,0.00557,No,
20230123,1,1935.445,1911.248,24.197,0.01529,No,
20230124,2,1942.348,1917.065,25.283,0.0118,No,
20230125,3,1948.725,1919.697,29.028,0.01111,No,
20230126,4,1949.085,1918.627,30.458,0.0127,No,
20230127,5,1934.918,1916.525,18.393,0.00997,No,
20230129,7,1929.127,1925.378,3.749,0.00942,No,
20230130,1,1934.425,1920.585,13.84,0.01308,No,
20230131,2,1930.998,1900.665,30.333,0.01548,No,
20230201,3,1956.025,1920.435,35.59,0.0176,Yes,
20230202,4,1959.625,1911.225,48.4,0.01548,No,
20230203,5,1918.485,1861.255,57.23,0.01331,No,14:30,517,185,260,332
20230205,7,1869.775,1859.647,10.128,0.0161,Yes,
20230206,1,1881.198,1862.935,18.263,0.0145,No,
20230207,2,1884.348,1864.898,19.45,0.01454,No,
20230208,3,1886.345,1868.898,17.447,0.01831,Yes,
20230209,4,1890.098,1858.855,31.243,0.01735,Yes,
20230210,5,1872.035,1852.588,19.447,0.01514,No,
20230212,7,1865.178,1862.538,2.64,0.0102,No,
20230213,1,1866.395,1850.325,16.07,0.01108,No,
20230214,2,1870.467,1843.165,27.302,0.0148,No,
20230215,3,1859.998,1830.475,29.523,0.01575,No,
20230216,4,1845.158,1827.555,17.603,0.01744,Yes,
20230217,5,1843.505,1818.805,24.7,0.01481,No,
20230219,7,1841.798,1838.325,3.473,0.01696,Yes,
20230220,1,1847.405,1837.145,10.26,0.02665,Yes,
20230221,2,1843.738,1830.095,13.643,0.02397,Yes,
20230222,3,1845.905,1823.425,22.48,0.01894,Yes,
20230223,4,1833.685,1817.395,16.29,0.01763,Yes,
20230224,5,1827.715,1808.865,18.85,0.03465,Yes,
20230226,7,1812.985,1810.004,2.981,0.01642,Yes,
20230227,1,1820.055,1806.538,13.517,0.01527,No,
20230228,2,1831.045,1804.594,26.451,0.01639,Yes,
20230301,3,1844.408,1822.938,21.47,0.01205,No,
20230302,4,1838.865,1829.854,9.011,0.01516,No,
20230303,5,1856.768,1837.675,19.093,0.0137,No,
20230305,7,1855.314,1852.125,3.189,0.01205,No,
20230306,1,1858.168,1845.015,13.153,0.01317,No,
20230307,2,1851.555,1812.655,38.9,0.01134,No,
20230308,3,1824.185,1809.248,14.937,0.01865,Yes,
20230309,4,1835.565,1811.805,23.76,0.0155,No,
20230310,5,1870.065,1827.675,42.39,0.0114,No,14:30,311,205,504,106
20230312,7,1894.184,1872.398,21.786,0.00897,No,
20230313,1,1914.475,1871.328,43.147,0.01504,No,
20230314,2,1913.984,1895.228,18.756,0.0139,No,
20230315,3,1937.295,1885.565,51.73,0.01219,No,
20230316,4,1933.385,1907.455,25.93,0.01352,No,
20230317,5,1988.998,1918.135,70.863,0.01727,Yes,
20230319,7,1990.548,1974.845,15.703,0.01626,Yes,
20230320,1,2009.695,1965.748,43.947,0.01728,Yes,
20230321,2,1985.025,1935.194,49.831,0.01417,No,
20230322,3,1978.705,1934.175,44.53,0.01566,No,
20230323,4,2003.185,1966.245,36.94,0.01452,No,
20230324,5,2002.848,1975.085,27.763,0.01181,No,
20230326,7,1979.798,1969.104,10.694,0.01041,No,
20230327,1,1978.615,1943.895,34.72,0.00901,No,
20230328,2,1975.148,1949.028,26.12,0.0118,No,
20230329,3,1972.735,1958.575,14.16,0.0109,No,
20230330,4,1984.195,1955.204,28.991,0.01696,Yes,
20230331,5,1987.485,1966.754,20.731,0.01156,No,
20230402,7,1972.298,1956.794,15.504,0.00834,No,
20230403,1,1990.365,1949.595,40.77,0.0083,No,
20230404,2,2024.848,1976.825,48.023,0.00859,No,
20230405,3,2031.968,2009.885,22.083,0.01113,No,
20230406,4,2020.804,2001,19.804,0.00973,No,
20230409,7,2006.355,1992.458,13.897,0.00719,No,
20230410,1,2005.758,1981.545,24.213,0.01095,No,
20230411,2,2007.348,1988.615,18.733,0.01213,No,
20230412,3,2028.235,2001.225,27.01,0.01615,Yes,
20230413,4,2048.538,2015.158,33.38,0.01386,No,
20230414,5,2047.335,1992.285,55.05,0.01546,No,
20230416,7,2004.874,1997.904,6.97,0.00666,No,
20230417,1,2014.885,1980.974,33.911,0.01425,No,
20230418,2,2011.748,1991.195,20.553,0.01256,No,
20230419,3,2008.045,1969.155,38.89,0.01291,No,
20230420,4,2012.255,1990.385,21.87,0.0106,No,
20230421,5,2005.445,1971.515,33.93,0.00873,No,
20230423,7,1985.298,1980.518,4.78,0.00902,No,
20230424,1,1996.498,1973.995,22.503,0.00781,No,
20230425,2,2003.798,1976.015,27.783,0.01282,No,
20230426,3,2009.204,1983.198,26.006,0.01488,No,
20230427,4,2003.258,1973.865,29.393,0.01168,No,
20230428,5,1994.915,1975.905,19.01,0.01141,No,
20230430,7,1991.755,1986.515,5.24,0.00794,No,
20230501,1,2005.848,1976.925,28.923,0.00925,No,
20230502,2,2019.248,1978.324,40.924,0.00879,No,
20230503,3,2079.778,2007.414,72.364,0.01453,No,
20230504,4,2059.525,2030.214,29.311,0.01105,No,
20230505,5,2052.925,1999.455,53.47,0.00941,No,13:30,253,180,165,73
20230507,7,2018.124,2014.134,3.99,0.00749,No,
20230508,1,2029.334,2015.064,14.27,0.01368,No,
20230509,2,2037.494,2019.344,18.15,0.01162,No,
20230510,3,2048.114,2021.434,26.68,0.00894,No,
20230511,4,2041.214,2011.044,30.17,0.01156,No,
20230512,5,2022.494,2000.825,21.669,0.00942,No,
20230514,7,2011.885,2006.998,4.887,0.02114,Yes,
20230515,1,2022.114,2008.595,13.519,0.01298,No,
20230516,2,2018.235,1985.405,32.83,0.01023,No,
20230517,3,1992.985,1974.935,18.05,0.01122,No,
20230518,4,1985.944,1951.885,34.059,0.01258,No,
20230519,5,1984.075,1953.905,30.17,0.02424,Yes,
20230521,7,1981.375,1976.478,4.897,0.0169,Yes,
20230522,1,1982.505,1968.765,13.74,0.01315,No,
20230523,2,1977.554,1954.084,23.47,0.01067,No,
20230524,3,1985.194,1956.104,29.09,0.01261,No,
20230525,4,1964.625,1938.658,25.967,0.011,No,
20230526,5,1957.215,1936.655,20.56,0.01241,No,
20230528,7,1946.255,1941.098,5.157,0.01293,No,
20230529,1,1949.575,1940.145,9.43,0.01383,No,
20230530,2,1963.378,1931.905,31.473,0.01283,No,
20230531,3,1974.628,1953.498,21.13,0.01126,No,
20230601,4,1983.015,1953.255,29.76,0.01235,No,
20230602,5,1983.315,1947.164,36.151,0.01133,No,13:30,339,180,294,159
20230604,7,1949.995,1946.788,3.207,0.01325,No,
20230605,1,1963.955,1938.045,25.91,0.00748,No,
20230606,2,1966.238,1954.255,11.983,0.01076,No,
20230607,3,1970.085,1939.544,30.541,0.00965,No,
20230608,4,1970.398,1942.725,27.673,0.0099,No,
20230609,5,1972.928,1956.475,16.453,0.01265,No,
20230611,7,1960.505,1957.844,2.661,0.00647,No,
20230612,1,1966.865,1949.125,17.74,0.01133,No,
20230613,2,1970.724,1939.935,30.789,0.00969,No,
20230614,3,1960.205,1939.498,20.707,0.01007,No,
20230615,4,1960.125,1924.898,35.227,0.0125,No,
20230616,5,1967.825,1953.165,14.66,0.01224,No,
20230618,7,1958.404,1956.148,2.256,0.0083,No,
20230619,1,1958.685,1947.685,11,0.01315,No,
20230620,2,1956.675,1929.705,26.97,0.01085,No,
20230621,3,1939.375,1919.075,20.3,0.01082,No,
20230622,4,1934.165,1912.224,21.941,0.00938,No,
20230623,5,1937.238,1910.065,27.173,0.00816,No,
20230625,7,1925.365,1922.534,2.831,0.00999,No,
20230626,1,1933.245,1920.855,12.39,0.01155,No,
20230627,2,1930.585,1910.785,19.8,0.00907,No,
20230628,3,1917.155,1902.695,14.46,0.00708,No,
20230629,4,1912.995,1892.915,20.08,0.00893,No,
20230630,5,1922.628,1900.465,22.163,0.00969,No,
20230702,7,1919.565,1917.12,2.445,0.00492,No,
20230703,1,1930.935,1909.965,20.97,0.01321,No,
20230704,2,1930.615,1919.955,10.66,0.01032,No,
20230705,3,1934.905,1914.244,20.661,0.00938,No,
20230706,4,1927.505,1902.505,25,0.00906,No,
20230707,5,1934.745,1909.525,25.22,0.00959,No,13:30,209,225,306,-16
20230709,7,1928.075,1923.598,4.477,0.01171,No,
20230710,1,1926.835,1912.585,14.25,0.00939,No,
20230711,2,1938.274,1924.355,13.919,0.01432,No,
20230712,3,1959.595,1933.165,26.43,0.014,No,
20230713,4,1963.494,1952.245,11.249,0.0129,No,
20230714,5,1963.585,1950.875,12.71,0.01502,No,
20230716,7,1955.694,1951.194,4.5,0.00775,No,
20230717,1,1959.745,1945.638,14.107,0.01238,No,
20230718,2,1984.195,1954.585,29.61,0.01202,No,
20230719,3,1980.775,1969.645,11.13,0.0097,No,
20230720,4,1987.385,1965.198,22.187,0.0112,No,
20230721,5,1973.705,1956.678,17.027,0.00934,No,
20230723,7,1962.805,1960.285,2.52,0.0082,No,
20230724,1,1967.725,1953.145,14.58,0.00859,No,
20230725,2,1966.125,1951.898,14.227,0.0105,No,
20230726,3,1978.118,1961.945,16.173,0.0156,No,
20230727,4,1982.085,1942.525,39.56,0.01405,No,
20230728,5,1963.374,1945.925,17.449,0.01182,No,
20230730,7,1960.455,1957.204,3.251,0.01034,No,
20230731,1,1972.295,1950.655,21.64,0.0124,No,
20230801,2,1964.595,1941.118,23.477,0.01092,No,
20230802,3,1954.675,1932.885,21.79,0.01168,No,
20230803,4,1938.815,1929.425,9.39,0.01025,No,
20230804,5,1946.798,1924.898,21.9,0.01149,No,13:30,187,200,185,-13
20230806,7,1946.605,1941.348,5.257,0.00683,No,
20230807,1,1945.215,1931.365,13.85,0.00941,No,
20230808,2,1937.255,1922.655,14.6,0.01139,No,
20230809,3,1932.255,1913.505,18.75,0.01514,No,
20230810,4,1929.995,1910.694,19.301,0.01931,Yes,
20230811,5,1920.815,1911.815,9,0.02527,Yes,
20230813,7,1915.105,1911.915,3.19,0.02428,Yes,
20230814,1,1916.135,1902.595,13.54,0.0227,Yes,
20230815,2,1911.525,1896.215,15.31,0.01562,No,
20230816,3,1907.095,1891.148,15.947,0.01585,No,
20230817,4,1903.375,1884.925,18.45,0.01277,No,
20230818,5,1896.678,1886.675,10.003,0.01273,No,
20230820,7,1890.755,1888.685,2.07,0.01607,No,
20230821,1,1898.665,1884.755,13.91,0.0123,No,
20230822,2,1904.405,1889.018,15.387,0.01457,No,
20230823,3,1920.275,1898.385,21.89,0.01715,Yes,
20230824,4,1923.225,1911.655,11.57,0.01188,No,
20230825,5,1922.265,1903.705,18.56,0.01676,Yes,
20230827,7,1916.148,1914.165,1.983,0.01134,No,
20230828,1,1925.955,1912.675,13.28,0.00881,No,
20230829,2,1938.095,1914.355,23.74,0.00878,No,
20230830,3,1948.965,1934.838,14.127,0.01392,No,
20230831,4,1947.825,1938.864,8.961,0.01156,No,
20230901,5,1952.905,1934.355,18.55,0.01109,No,13:30,187,170,157,17
20230903,7,1940.985,1939.274,1.711,0.01083,No,
20230904,1,1946.185,1936.675,9.51,0.01632,Yes,
20230905,2,1938.905,1925.205,13.7,0.01526,No,
20230906,3,1929.055,1915.175,13.88,0.01412,No,
20230907,4,1923.495,1916.095,7.4,0.01101,No,
20230908,5,1929.595,1917.225,12.37,0.01288,No,
20230910,7,1920.574,1916.584,3.99,0.00916,No,
20230911,1,1930.558,1918.295,12.263,0.01351,No,
20230912,2,1924.395,1907.478,16.917,0.01591,No,
20230913,3,1915.655,1905.555,10.1,0.01685,Yes,
20230914,4,1912.825,1900.898,11.927,0.01585,No,
20230915,5,1930.308,1909.725,20.583,0.01553,No,
20230917,7,1924.364,1922.378,1.986,0.01062,No,
20230918,1,1934.425,1922.678,11.747,0.01724,Yes,
20230919,2,1937.275,1929.675,7.6,0.02134,Yes,
20230920,3,1947.315,1927.855,19.46,0.01933,Yes,
20230921,4,1930.425,1913.808,16.617,0.01465,No,
20230922,5,1929.015,1921.145,7.87,0.01629,Yes,
20230924,7,1926.324,1924.315,2.009,0.01406,No,
20230925,1,1927.115,1915.045,12.07,0.01777,Yes,
20230926,2,1916.405,1899.005,17.4,0.01635,Yes,
20230927,3,1903.825,1872.445,31.38,0.00972,No,
20230928,4,1879.485,1857.565,21.92,0.00791,No,
20230929,5,1879.765,1846.205,33.56,0.00977,No,
20231001,7,1848.645,1845.595,3.05,0.00674,No,
20231002,1,1848.835,1820.405,28.43,0.00648,No,
20231003,2,1833.205,1815.245,17.96,0.01283,No,
20231004,3,1830.455,1816.475,13.98,0.01043,No,
20231005,4,1829.105,1812.924,16.181,0.00864,No,
20231006,5,1834.725,1810.288,24.437,0.00998,No,13:30,336,170,227,166
20231008,7,1855.435,1845.235,10.2,0.01526,No,
20231009,1,1863.395,1844.135,19.26,0.01666,Yes,
20231010,2,1865.315,1852.888,12.427,0.01403,No,
20231011,3,1877.105,1858.535,18.57,0.01478,No,
20231012,4,1884.885,1867.825,17.06,0.00944,No,
20231013,5,1932.875,1870.045,62.83,0.01097,No,
20231015,7,1929.355,1921.034,8.321,0.00944,No,
20231016,1,1925.845,1908.085,17.76,0.013,No,
20231017,2,1931.414,1912.315,19.099,0.01342,No,
20231018,3,1962.545,1923.678,38.867,0.02087,Yes,
20231019,4,1982.205,1945.125,37.08,0.01353,No,
20231020,5,1997.135,1971.905,25.23,0.02105,Yes,
20231022,7,1978.535,1964.865,13.67,0.01241,No,
20231023,1,1982.725,1964.275,18.45,0.01256,No,
20231024,2,1980.735,1953.404,27.331,0.01135,No,
20231025,3,1987.115,1962.854,24.261,0.0147,No,
20231026,4,1993.385,1971.655,21.73,0.01389,No,
20231027,5,2009.395,1976.755,32.64,0.01004,No,
20231029,7,2006.648,1996.814,9.834,0.00465,No,
20231030,1,2006.685,1990.835,15.85,0.00753,No,
20231031,2,2007.734,1978.735,28.999,0.0115,No,
20231101,3,1991.898,1969.815,22.083,0.00786,No,
20231102,4,1990.935,1978.775,12.16,0.00885,No,
20231103,5,2003.968,1983.155,20.813,0.00774,No,13:30,150,180,297,-30
20231105,7,1992.748,1987.075,5.673,0.00563,No,
20231106,1,1992.955,1975.725,17.23,0.00556,No,
20231107,2,1976.985,1956.598,20.387,0.00867,No,
20231108,3,1970.955,1947.325,23.63,0.01052,No,
20231109,4,1965.498,1944.575,20.923,0.00625,No,
20231110,5,1960.695,1932.865,27.83,0.00806,No,
20231112,7,1940.935,1933.845,7.09,0.00745,No,
20231113,1,1949.115,1931.515,17.6,0.00939,No,
20231114,2,1970.835,1937.978,32.857,0.01431,No,
20231115,3,1975.148,1955.325,19.823,0.01441,No,
20231116,4,1987.848,1956.365,31.483,0.01391,No,
20231117,5,1993.335,1978.478,14.857,0.00995,No,
20231119,7,1978.664,1974.145,4.519,0.00458,No,
20231120,1,1985.085,1965.355,19.73,0.00724,No,
20231121,2,2007.475,1980.635,26.84,0.01491,No,
20231122,3,2006.318,1986.805,19.513,0.00924,No,
20231123,4,1998.408,1989.715,8.693,0.0099,No,
20231124,5,2003.515,1991.338,12.177,0.01156,No,
20231126,7,2003.055,2000.398,2.657,0.0096,No,
20231127,1,2018.085,2001.725,16.36,0.00901,No,
20231128,2,2044.425,2011.478,32.947,0.00852,No,
20231129,3,2051.865,2035.205,16.66,0.00685,No,
20231130,4,2047.118,2031.258,15.86,0.00929,No,
20231201,5,2075.265,2033.805,41.46,0.00706,No,
20231203,7,2145.135,2071.604,73.531,0.00475,No,
20231204,1,2120.865,2019.925,100.94,0.01106,No,
20231205,2,2041.155,2009.855,31.3,0.00964,No,
20231206,3,2035.785,2018.665,17.12,0.0185,Yes,
20231207,4,2039.778,2020.075,19.703,0.01837,Yes,
20231208,5,2033.874,1994.555,39.319,0.01385,No,14:30,199,180,150,19
20231210,7,2007.535,2002.484,5.051,0.01618,Yes,
20231211,1,2007.705,1975.725,31.98,0.01697,Yes,
20231212,2,1996.625,1977.115,19.51,0.01945,Yes,
20231213,3,2033.025,1972.935,60.09,0.01192,No,
20231214,4,2047.775,2027.445,20.33,0.01044,No,
20231215,5,2044.815,2015.515,29.3,0.00962,No,
20231217,7,2020.675,2015.885,4.79,0.00928,No,
20231218,1,2033.615,2015.925,17.69,0.0104,No,
20231219,2,2046.905,2021.605,25.3,0.00966,No,
20231220,3,2043.375,2027.258,16.117,0.01456,No,
20231221,4,2054.875,2031.905,22.97,0.01249,No,
20231222,5,2070.525,2046.715,23.81,0.01036,No,
20231225,1,2057.655,2052.895,4.76,0.0073,No,
20231226,2,2068.948,2053.385,15.563,0.00765,No,
20231227,3,2084.345,2061.385,22.96,0.01331,No,
20231228,4,2088.355,2064.448,23.907,0.01078,No,
20231229,5,2074.645,2058.105,16.54,0.00832,No,
20240101,1,2066.595,2062.405,4.19,0.0064,No,
20240102,2,2078.825,2055.818,23.007,0.00645,No,
20240103,3,2065.835,2030.515,35.32,0.01045,No,
20240104,4,2050.855,2036.155,14.7,0.00899,No,
20240105,5,2063.838,2024.255,39.583,0.00824,No,14:30,216,170,173,46
20240107,7,2045.565,2042.805,2.76,0.0065,No,
20240108,1,2046.525,2016.604,29.921,0.00738,No,
20240109,2,2041.898,2026.015,15.883,0.00966,No,
20240110,3,2040.135,2020.395,19.74,0.0076,No,
20240111,4,2043.864,2013.225,30.639,0.01272,No,
20240112,5,2062.145,2029.975,32.17,0.01216,No,
20240114,7,2048.605,2046.235,2.37,0.00553,No,
20240115,1,2058.505,2045.675,12.83,0.00882,No,
20240116,2,2054.435,2024.165,30.27,0.00975,No,
20240117,3,2032.815,2001.755,31.06,0.00926,No,
20240118,4,2024.555,2005.705,18.85,0.00991,No,
20240119,5,2039.278,2020.325,18.953,0.01119,No,
20240121,7,2029.715,2026.848,2.867,0.00936,No,
20240122,1,2032.005,2016.448,15.557,0.01487,No,
20240123,2,2037.808,2019.515,18.293,0.00844,No,
20240124,3,2036.575,2011.105,25.47,0.00742,No,
20240125,4,2025.175,2009.455,15.72,0.01043,No,
20240126,5,2026.715,2015.845,10.87,0.00782,No,
20240128,7,2028.384,2021.185,7.199,0.00912,No,
20240129,1,2037.465,2019.195,18.27,0.01316,No,
20240130,2,2048.448,2028.935,19.513,0.0186,Yes,
20240131,3,2055.878,2031,24.878,0.01227,No,
20240201,4,2065.348,2029.905,35.443,0.01605,No,
20240202,5,2057.545,2027.635,29.91,0.01459,No,14:30,353,187,333,166
20240204,7,2042.034,2038.854,3.18,0.01165,No,
20240205,1,2039.745,2014.835,24.91,0.01109,No,
20240206,2,2038.785,2022.795,15.99,0.00795,No,
20240207,3,2044.465,2030.505,13.96,0.00934,No,
20240208,4,2038.635,2020.095,18.54,0.00963,No,
20240209,5,2037.058,2020.195,16.863,0.00874,No,
20240211,7,2026.708,2023.194,3.514,0.00512,No,
20240212,1,2027.505,2011.795,15.71,0.00973,No,
20240213,2,2032.845,1989.985,42.86,0.00934,No,
20240214,3,1996.025,1984.088,11.937,0.01181,No,
20240215,4,2008.175,1990.175,18,0.01173,No,
20240216,5,2015.095,1994.985,20.11,0.01321,No,
20240218,7,2016.245,2009.935,6.31,0.00742,No,
20240219,1,2022.895,2013.185,9.71,0.01599,No,
20240220,2,2030.765,2014.945,15.82,0.01787,Yes,
20240221,3,2032.195,2019.915,12.28,0.00978,No,
20240222,4,2034.708,2019.555,15.153,0.01747,Yes,
20240223,5,2041.285,2015.955,25.33,0.02253,Yes,
20240225,7,2034.865,2032.638,2.227,0.01021,No,
20240226,1,2036.965,2024.975,11.99,0.01132,No,
20240227,2,2039.375,2028.725,10.65,0.01231,No,
20240228,3,2037.805,2024.355,13.45,0.01056,No,
20240229,4,2050.605,2028.015,22.59,0.01147,No,
20240301,5,2088.215,2038.915,49.3,0.0075,No,
20240303,7,2086.145,2081.835,4.31,0.0048,No,
20240304,1,2119.805,2079.308,40.497,0.00722,No,
20240305,2,2141.748,2110.375,31.373,0.00757,No,
20240306,3,2152.085,2123.615,28.47,0.00866,No,
20240307,4,2164.635,2144.048,20.587,0.01078,No,
20240308,5,2195.085,2153.895,41.19,0.00853,No,14:30,275,198,229,77
20240310,7,2183.735,2177.005,6.73,0.00618,No,
20240311,1,2188.925,2174.695,14.23,0.00566,No,
20240312,2,2184.425,2150.455,33.97,0.00602,No,
20240313,3,2179.745,2156.555,23.19,0.00748,No,
20240314,4,2176.848,2152.665,24.183,0.01086,No,
20240315,5,2172.615,2155.115,17.5,0.0104,No,
20240317,7,2156.768,2151.435,5.333,0.00568,No,
20240318,1,2163.455,2145.985,17.47,0.00955,No,
20240319,2,2162.745,2147.045,15.7,0.00825,No,
20240320,3,2222.875,2149.475,73.4,0.01129,No,
20240321,4,2212.275,2166.264,46.011,0.00792,No,
20240322,5,2185.965,2157.035,28.93,0.00821,No,
20240324,7,2168.795,2165.085,3.71,0.00573,No,
20240325,1,2181.205,2163.455,17.75,0.01326,No,
20240326,2,2199.995,2167.458,32.537,0.01042,No,
20240327,3,2197.505,2173.275,24.23,0.00928,No,
20240328,4,2236.015,2187.225,48.79,0.0075,No,
20240331,7,2247.265,2234.845,12.42,0.00404,No,
20240401,1,2265.585,2228.395,37.19,0.0078,No,
20240402,2,2288.185,2246.585,41.6,0.00556,No,
20240403,3,2302.555,2265.405,37.15,0.01169,No,
20240404,4,2305.425,2279.688,25.737,0.00672,No,
20240405,5,2330.345,2267.605,62.74,0.00968,No,13:30,303,212,270,91
20240407,7,2328.255,2303.705,24.55,0.0055,No,
20240408,1,2353.835,2302.755,51.08,0.00852,No,
20240409,2,2365.185,2337.725,27.46,0.00947,No,
20240410,3,2360.065,2319.265,40.8,0.00927,No,
20240411,4,2379.455,2325.655,53.8,0.0088,No,
20240412,5,2431.385,2333.755,97.63,0.01408,No,
20240414,7,2372.435,2346.735,25.7,0.01486,No,
20240415,1,2392.035,2323.858,68.177,0.01408,No,
20240416,2,2398.128,2362.844,35.284,0.01813,Yes,
20240417,3,2395.448,2354.435,41.013,0.02015,Yes,
20240418,4,2392.624,2363.965,28.659,0.02129,Yes,
20240419,5,2417.745,2372.805,44.94,0.0209,Yes,
20240421,7,2388.425,2381.275,7.15,0.01689,Yes,
20240422,1,2386.455,2324.555,61.9,0.01596,No,
20240423,2,2334.305,2291.265,43.04,0.01427,No,
20240424,3,2337.128,2311.635,25.493,0.01594,No,
20240425,4,2344.708,2304.898,39.81,0.01096,No,
20240426,5,2352.418,2326.165,26.253,0.00753,No,
20240428,7,2337.095,2332.405,4.69,0.00549,No,
20240429,1,2346.585,2319.728,26.857,0.00917,No,
20240430,2,2336.055,2284.975,51.08,0.01003,No,
20240501,3,2328.225,2281.515,46.71,0.00866,No,
20240502,4,2326.325,2285.358,40.967,0.01462,No,
20240503,5,2320.548,2277.165,43.383,0.01009,No,13:30,175,238,315,-63
20240505,7,2305.855,2293.185,12.67,0.00807,No,
20240506,1,2331.988,2291.645,40.343,0.00801,No,
20240507,2,2329.788,2309.818,19.97,0.01235,No,
20240508,3,2321.345,2303.555,17.79,0.01135,No,
20240509,4,2348.245,2306.615,41.63,0.00644,No,
20240510,5,2378.365,2345.865,32.5,0.00849,No,
20240512,7,2363.995,2359.625,4.37,0.00642,No,
20240513,1,2364.355,2331.985,32.37,0.00962,No,
20240514,2,2359.558,2334.695,24.863,0.00864,No,
20240515,3,2391.815,2351.735,40.08,0.01079,No,
20240516,4,2397.275,2370.845,26.43,0.01132,No,
20240517,5,2422.575,2373.788,48.787,0.00716,No,
20240519,7,2425.195,2416.715,8.48,0.01919,Yes,
20240520,1,2449.985,2407.145,42.84,0.02082,Yes,
20240521,2,2433.838,2406.158,27.68,0.01371,No,
20240522,3,2426.344,2374.855,51.489,0.00906,No,
20240523,4,2383.605,2326.848,56.757,0.00958,No,
20240524,5,2347.325,2325.265,22.06,0.00702,No,
20240526,7,2340.588,2332.125,8.463,0.00947,No,
20240527,1,2358.388,2334.328,24.06,0.0159,No,
20240528,2,2363.975,2340.155,23.82,0.0171,Yes,
20240529,3,2361.275,2334.438,26.837,0.01066,No,
20240530,4,2351.698,2322.458,29.24,0.00711,No,
20240531,5,2359.598,2320.395,39.203,0.00961,No,
20240602,7,2329.315,2323.205,6.11,0.00525,No,
20240603,1,2354.565,2314.635,39.93,0.00782,No,
20240604,2,2352.645,2315.508,37.137,0.0079,No,
20240605,3,2357.785,2325.785,32,0.00897,No,
20240606,4,2378.408,2353.305,25.103,0.0083,No,
20240607,5,2387.595,2286.628,100.967,0.00647,No,13:30,272,182,165,90
20240609,7,2300.038,2288.755,11.283,0.00692,No,
20240610,1,2313.655,2287.665,25.99,0.00456,No,
20240611,2,2319.865,2297.595,22.27,0.00545,No,
20240612,3,2341.495,2310.584,30.911,0.00994,No,
20240613,4,2326.495,2295.395,31.1,0.01107,No,
20240614,5,2336.575,2301.415,35.16,0.01205,No,
20240616,7,2332.488,2327.228,5.26,0.00766,No,
20240617,1,2328.815,2309.895,18.92,0.01033,No,
20240618,2,2333.008,2306.465,26.543,0.01072,No,
20240619,3,2334.868,2323.984,10.884,0.01166,No,
20240620,4,2365.375,2327.628,37.747,0.01394,No,
20240621,5,2368.558,2316.588,51.97,0.01098,No,
20240623,7,2322.775,2317.575,5.2,0.00448,No,
20240624,1,2334.595,2317.818,16.777,0.00858,No,
20240625,2,2337.018,2315.405,21.613,0.01074,No,
20240626,3,2323.738,2293.464,30.274,0.00764,No,
20240627,4,2330.825,2296.425,34.4,0.01,No,
20240628,5,2339.635,2318.905,20.73,0.00693,No,
20240630,7,2326.775,2322.505,4.27,0.00617,No,
20240701,1,2338.388,2318.395,19.993,0.00723,No,
20240702,2,2336.668,2318.945,17.723,0.00727,No,
20240703,3,2364.795,2326.685,38.11,0.00733,No,
20240704,4,2362.385,2350.364,12.021,0.00763,No,
20240705,5,2392.815,2347.515,45.3,0.0128,No,13:30,206,191,218,15
20240707,7,2390.008,2384.625,5.383,0.0102,No,
20240708,1,2390.935,2350.915,40.02,0.00695,No,
20240709,2,2371.358,2349.455,21.903,0.009,No,
20240710,3,2386.548,2363.168,23.38,0.00747,No,
20240711,4,2424.395,2371.375,53.02,0.00759,No,
20240712,5,2418.128,2391.325,26.803,0.00798,No,
20240714,7,2414.855,2405.525,9.33,0.00378,No,
20240715,1,2439.628,2401.225,38.403,0.00566,No,
20240716,2,2469.865,2419.835,50.03,0.00674,No,
20240717,3,2483.548,2451.425,32.123,0.00587,No,
20240718,4,2474.805,2440.195,34.61,0.00873,No,
20240719,5,2441.218,2393.675,47.543,0.0106,No,
20240721,7,2411.815,2400.875,10.94,0.00666,No,
20240722,1,2412.035,2383.715,28.32,0.01021,No,
20240723,2,2411.908,2388.135,23.773,0.00654,No,
20240724,3,2431.945,2392.895,39.05,0.00647,No,
20240725,4,2399.935,2353.005,46.93,0.01058,No,
20240726,5,2390.655,2355.728,34.927,0.01016,No,
20240728,7,2402.995,2387.115,15.88,0.0142,No,
20240729,1,2402.395,2369.518,32.877,0.01212,No,
20240730,2,2412.705,2376.358,36.347,0.00937,No,
20240731,3,2450.848,2403.765,47.083,0.0084,No,
20240801,4,2462.125,2430.075,32.05,0.00953,No,
20240802,5,2477.494,2410.664,66.83,0.00915,No,13:30,114,176,179,-62
20240804,7,2447.345,2437.574,9.771,0.00527,No,
20240805,1,2458.655,2364.164,94.491,0.00906,No,
20240806,2,2418.215,2381.515,36.7,0.00835,No,
20240807,3,2406.858,2378.868,27.99,0.00559,No,
20240808,4,2427.848,2383.085,44.763,0.00762,No,
20240809,5,2436.884,2416.815,20.069,0.0092,No,
20240811,7,2433.305,2426.835,6.47,0.00645,No,
20240812,1,2475.855,2423.695,52.16,0.00878,No,
20240813,2,2476.845,2458.365,18.48,0.00792,No,
20240814,3,2479.715,2438,41.715,0.00533,No,
20240815,4,2469.945,2432.015,37.93,0.00776,No,
20240816,5,2509.638,2450.565,59.073,0.00565,No,
20240818,7,2509.998,2502.148,7.85,0.00351,No,
20240819,1,2507.345,2485.515,21.83,0.00501,No,
20240820,2,2531.558,2497.235,34.323,0.00584,No,
20240821,3,2519.795,2493.698,26.097,0.00714,No,
20240822,4,2514.545,2470.705,43.84,0.00552,No,
20240823,5,2518.195,2486.355,31.84,0.00795,No,
20240825,7,2516.585,2510.105,6.48,0.00621,No,
20240826,1,2526.708,2508.585,18.123,0.00624,No,
20240827,2,2528.888,2503.325,25.563,0.0075,No,
20240828,3,2525.725,2493.515,32.21,0.00808,No,
20240829,4,2528.558,2503.515,25.043,0.00764,No,
20240830,5,2526.725,2494.048,32.677,0.00588,No,
20240901,7,2504.545,2501.195,3.35,0.00541,No,
20240902,1,2507.125,2489.915,17.21,0.01487,No,
20240903,2,2506.165,2473.245,32.92,0.00972,No,
20240904,3,2500.145,2471.718,28.427,0.00871,No,
20240905,4,2523.448,2493.665,29.783,0.00955,No,
20240906,5,2529.125,2485.015,44.11,0.00482,No,13:30,142,164,89,-22
20240908,7,2498.124,2495.415,2.709,0.00569,No,
20240909,1,2507.515,2485.405,22.11,0.00816,No,
20240910,2,2518.688,2500.024,18.664,0.00761,No,
20240911,3,2528.885,2500.825,28.06,0.00972,No,
20240912,4,2559.978,2510.885,49.093,0.0087,No,
20240913,5,2585.965,2556.625,29.34,0.00843,No,
20240915,7,2580.464,2577.384,3.08,0.00484,No,
20240916,1,2589.515,2575.115,14.4,0.00771,No,
20240917,2,2586.835,2560.984,25.851,0.00765,No,
20240918,3,2599.995,2546.645,53.35,0.00781,No,
20240919,4,2594.775,2551.005,43.77,0.00553,No,
20240920,5,2625.574,2584.654,40.92,0.00535,No,
20240922,7,2622.615,2617.984,4.631,0.00367,No,
20240923,1,2634.715,2613.685,21.03,0.00709,No,
20240924,2,2664.204,2622.475,41.729,0.00724,No,
20240925,3,2670.348,2649.715,20.633,0.00766,No,
20240926,4,2685.405,2654.685,30.72,0.00831,No,
20240927,5,2674.134,2643.111,31.023,0.00791,No,
20240929,7,2664.905,2657.025,7.88,0.0138,No,
20240930,1,2665.858,2624.538,41.32,0.01019,No,
20241001,2,2672.908,2633.815,39.093,0.01252,No,
20241002,3,2663.194,2640.954,22.24,0.01231,No,
20241003,4,2662.775,2636.255,26.52,0.00797,No,
20241004,5,2670.065,2632.068,37.997,0.00702,No,13:30,254,147,159,107
20241006,7,2652.615,2648.875,3.74,0.00655,No,
20241007,1,2659.465,2637.688,21.777,0.01012,No,
20241008,2,2652.885,2604.575,48.31,0.00879,No,
20241009,3,2624.165,2605.045,19.12,0.01189,No,
20241010,4,2635.855,2601.734,34.121,0.00766,No,
20241011,5,2661.258,2631.975,29.283,0.00738,No,
20241013,7,2656.775,2644.985,11.79,0.00505,No,
20241014,1,2666.705,2643.058,23.647,0.00672,No,
20241015,2,2668.805,2637.955,30.85,0.00703,No,
20241016,3,2685.298,2658.558,26.74,0.00742,No,
20241017,4,2696.605,2672.914,23.691,0.00716,No,
20241018,5,2722.405,2692.745,29.66,0.01027,No,
20241020,7,2724.915,2719.448,5.467,0.00637,No,
20241021,1,2740.418,2714.165,26.253,0.00832,No,
20241022,2,2748.775,2720.505,28.27,0.0098,No,
20241023,3,2758.338,2708.635,49.703,0.00756,No,
20241024,4,2743.175,2717.704,25.471,0.00824,No,
20241025,5,2747.635,2716.885,30.75,0.00748,No,
20241027,7,2740.095,2730.115,9.98,0.00633,No,
20241028,1,2745.788,2724.545,21.243,0.00653,No,
20241029,2,2775.265,2743.115,32.15,0.00611,No,
